Workbook

Sheet Instrucciones
B2: Plantilla para importar rúbrica desde Excel / CSV
B4: Llena únicamente la hoja “Criterios”. Los encabezados ya están listos con los nombres exactos que espera el importador.
B6: 1 | C6: Los encabezados obligatorios son: Area, Criterio, Descripcion_Criterio, Peso_Criterio, Insatisfactorio, Necesitas_Mejorar, Bueno, Satisfactorio y Excelente.
B7: 2 | C7: En Area usa solamente uno de estos valores: Desarrollo o DEV, Habilidades Blandas o SOFT, Ingles o ENGLISH.
B8: 3 | C8: Peso_Criterio debe ser un número entre 0 y 100. La suma total debe dar 100.
B9: 4 | C9: Las columnas de niveles guardan el texto descriptivo de cada nivel. Los puntajes se asignan automáticamente así: 0, 25, 50, 75 y 100.
B10: 5 | C10: Puedes escribir un criterio por fila. La hoja trae una alerta visual si los pesos no suman 100.
B11: 6 | C11: A la derecha de la hoja Criterios verás un ejemplo visual, pero la tabla principal está en blanco para capturar datos reales.

Sheet Criterios
A1: Carga desde Excel (.xlsx / .csv)
A3: Total pesos | B3: =SUM(D8:D207) | C3: Estado | D3: =IF(COUNTA(B8:B207)=0,"Empieza a cargar criterios",IF(B3=100,"Listo para importar","⚠️ Los pesos deben sumar 100"))
A4: Encabezados exactos del importador. La tabla principal está vacía; el ejemplo está a la derecha.
A5: ➕ Agregar criterio Escribe en la siguiente fila vacía de la tabla | K5: Ejemplo
A7: Area | B7: Criterio | C7: Descripcion_Criterio | D7: Peso_Criterio | E7: Insatisfactorio | F7: Necesitas_Mejorar | G7: Bueno | H7: Satisfactorio | I7: Excelente | K7: Area | L7: Criterio | M7: Descripcion_Criterio | N7: Peso_Criterio | O7: Insatisfactorio | P7: Necesitas_Mejorar | Q7: Bueno | R7: Satisfactorio | S7: Excelente
K8: Desarrollo | L8: Backend API | M8: Calidad de los endpoints | N8: 25 | O8: No entrega nada | P8: Errores en rutas | Q8: Funciona básico | R8: Sigue estándares | S8: Documentación perfecta

Sheet _IMPORT
A1: rubric_name | B1: rubric_weight | C1: grade_name | D1: grade_description | E1: grade_score | F1: area | G1: source_row
A2: =IF(Criterios!B8="","",Criterios!B8) | B2: =IF(Criterios!B8="","",Criterios!D8/100) | C2: =IF(Criterios!B8="","",'Insatisfactorio') | D2: =IF(Criterios!B8="","",Criterios!E8) | E2: =IF(Criterios!B8="","",0) | F2: =IF(Criterios!B8="","",Criterios!A8) | G2: =IF(Criterios!B8="","",8)
A3: =IF(Criterios!B8="","",Criterios!B8) | B3: =IF(Criterios!B8="","",Criterios!D8/100) | C3: =IF(Criterios!B8="","",'Necesitas_Mejorar') | D3: =IF(Criterios!B8="","",Criterios!F8) | E3: =IF(Criterios!B8="","",25) | F3: =IF(Criterios!B8="","",Criterios!A8) | G3: =IF(Criterios!B8="","",8)
A4: =IF(Criterios!B8="","",Criterios!B8) | B4: =IF(Criterios!B8="","",Criterios!D8/100) | C4: =IF(Criterios!B8="","",'Bueno') | D4: =IF(Criterios!B8="","",Criterios!G8) | E4: =IF(Criterios!B8="","",50) | F4: =IF(Criterios!B8="","",Criterios!A8) | G4: =IF(Criterios!B8="","",8)
A5: =IF(Criterios!B8="","",Criterios!B8) | B5: =IF(Criterios!B8="","",Criterios!D8/100) | C5: =IF(Criterios!B8="","",'Satisfactorio') | D5: =IF(Criterios!B8="","",Criterios!H8) | E5: =IF(Criterios!B8="","",75) | F5: =IF(Criterios!B8="","",Criterios!A8) | G5: =IF(Criterios!B8="","",8)
A6: =IF(Criterios!B8="","",Criterios!B8) | B6: =IF(Criterios!B8="","",Criterios!D8/100) | C6: =IF(Criterios!B8="","",'Excelente') | D6: =IF(Criterios!B8="","",Criterios!I8) | E6: =IF(Criterios!B8="","",100) | F6: =IF(Criterios!B8="","",Criterios!A8) | G6: =IF(Criterios!B8="","",8)
A7: =IF(Criterios!B9="","",Criterios!B9) | B7: =IF(Criterios!B9="","",Criterios!D9/100) | C7: =IF(Criterios!B9="","",'Insatisfactorio') | D7: =IF(Criterios!B9="","",Criterios!E9) | E7: =IF(Criterios!B9="","",0) | F7: =IF(Criterios!B9="","",Criterios!A9) | G7: =IF(Criterios!B9="","",9)
A8: =IF(Criterios!B9="","",Criterios!B9) | B8: =IF(Criterios!B9="","",Criterios!D9/100) | C8: =IF(Criterios!B9="","",'Necesitas_Mejorar') | D8: =IF(Criterios!B9="","",Criterios!F9) | E8: =IF(Criterios!B9="","",25) | F8: =IF(Criterios!B9="","",Criterios!A9) | G8: =IF(Criterios!B9="","",9)
A9: =IF(Criterios!B9="","",Criterios!B9) | B9: =IF(Criterios!B9="","",Criterios!D9/100) | C9: =IF(Criterios!B9="","",'Bueno') | D9: =IF(Criterios!B9="","",Criterios!G9) | E9: =IF(Criterios!B9="","",50) | F9: =IF(Criterios!B9="","",Criterios!A9) | G9: =IF(Criterios!B9="","",9)
A10: =IF(Criterios!B9="","",Criterios!B9) | B10: =IF(Criterios!B9="","",Criterios!D9/100) | C10: =IF(Criterios!B9="","",'Satisfactorio') | D10: =IF(Criterios!B9="","",Criterios!H9) | E10: =IF(Criterios!B9="","",75) | F10: =IF(Criterios!B9="","",Criterios!A9) | G10: =IF(Criterios!B9="","",9)
A11: =IF(Criterios!B9="","",Criterios!B9) | B11: =IF(Criterios!B9="","",Criterios!D9/100) | C11: =IF(Criterios!B9="","",'Excelente') | D11: =IF(Criterios!B9="","",Criterios!I9) | E11: =IF(Criterios!B9="","",100) | F11: =IF(Criterios!B9="","",Criterios!A9) | G11: =IF(Criterios!B9="","",9)
A12: =IF(Criterios!B10="","",Criterios!B10) | B12: =IF(Criterios!B10="","",Criterios!D10/100) | C12: =IF(Criterios!B10="","",'Insatisfactorio') | D12: =IF(Criterios!B10="","",Criterios!E10) | E12: =IF(Criterios!B10="","",0) | F12: =IF(Criterios!B10="","",Criterios!A10) | G12: =IF(Criterios!B10="","",10)
A13: =IF(Criterios!B10="","",Criterios!B10) | B13: =IF(Criterios!B10="","",Criterios!D10/100) | C13: =IF(Criterios!B10="","",'Necesitas_Mejorar') | D13: =IF(Criterios!B10="","",Criterios!F10) | E13: =IF(Criterios!B10="","",25) | F13: =IF(Criterios!B10="","",Criterios!A10) | G13: =IF(Criterios!B10="","",10)
A14: =IF(Criterios!B10="","",Criterios!B10) | B14: =IF(Criterios!B10="","",Criterios!D10/100) | C14: =IF(Criterios!B10="","",'Bueno') | D14: =IF(Criterios!B10="","",Criterios!G10) | E14: =IF(Criterios!B10="","",50) | F14: =IF(Criterios!B10="","",Criterios!A10) | G14: =IF(Criterios!B10="","",10)
A15: =IF(Criterios!B10="","",Criterios!B10) | B15: =IF(Criterios!B10="","",Criterios!D10/100) | C15: =IF(Criterios!B10="","",'Satisfactorio') | D15: =IF(Criterios!B10="","",Criterios!H10) | E15: =IF(Criterios!B10="","",75) | F15: =IF(Criterios!B10="","",Criterios!A10) | G15: =IF(Criterios!B10="","",10)
A16: =IF(Criterios!B10="","",Criterios!B10) | B16: =IF(Criterios!B10="","",Criterios!D10/100) | C16: =IF(Criterios!B10="","",'Excelente') | D16: =IF(Criterios!B10="","",Criterios!I10) | E16: =IF(Criterios!B10="","",100) | F16: =IF(Criterios!B10="","",Criterios!A10) | G16: =IF(Criterios!B10="","",10)
A17: =IF(Criterios!B11="","",Criterios!B11) | B17: =IF(Criterios!B11="","",Criterios!D11/100) | C17: =IF(Criterios!B11="","",'Insatisfactorio') | D17: =IF(Criterios!B11="","",Criterios!E11) | E17: =IF(Criterios!B11="","",0) | F17: =IF(Criterios!B11="","",Criterios!A11) | G17: =IF(Criterios!B11="","",11)
A18: =IF(Criterios!B11="","",Criterios!B11) | B18: =IF(Criterios!B11="","",Criterios!D11/100) | C18: =IF(Criterios!B11="","",'Necesitas_Mejorar') | D18: =IF(Criterios!B11="","",Criterios!F11) | E18: =IF(Criterios!B11="","",25) | F18: =IF(Criterios!B11="","",Criterios!A11) | G18: =IF(Criterios!B11="","",11)
A19: =IF(Criterios!B11="","",Criterios!B11) | B19: =IF(Criterios!B11="","",Criterios!D11/100) | C19: =IF(Criterios!B11="","",'Bueno') | D19: =IF(Criterios!B11="","",Criterios!G11) | E19: =IF(Criterios!B11="","",50) | F19: =IF(Criterios!B11="","",Criterios!A11) | G19: =IF(Criterios!B11="","",11)
A20: =IF(Criterios!B11="","",Criterios!B11) | B20: =IF(Criterios!B11="","",Criterios!D11/100) | C20: =IF(Criterios!B11="","",'Satisfactorio') | D20: =IF(Criterios!B11="","",Criterios!H11) | E20: =IF(Criterios!B11="","",75) | F20: =IF(Criterios!B11="","",Criterios!A11) | G20: =IF(Criterios!B11="","",11)
A21: =IF(Criterios!B11="","",Criterios!B11) | B21: =IF(Criterios!B11="","",Criterios!D11/100) | C21: =IF(Criterios!B11="","",'Excelente') | D21: =IF(Criterios!B11="","",Criterios!I11) | E21: =IF(Criterios!B11="","",100) | F21: =IF(Criterios!B11="","",Criterios!A11) | G21: =IF(Criterios!B11="","",11)
A22: =IF(Criterios!B12="","",Criterios!B12) | B22: =IF(Criterios!B12="","",Criterios!D12/100) | C22: =IF(Criterios!B12="","",'Insatisfactorio') | D22: =IF(Criterios!B12="","",Criterios!E12) | E22: =IF(Criterios!B12="","",0) | F22: =IF(Criterios!B12="","",Criterios!A12) | G22: =IF(Criterios!B12="","",12)
A23: =IF(Criterios!B12="","",Criterios!B12) | B23: =IF(Criterios!B12="","",Criterios!D12/100) | C23: =IF(Criterios!B12="","",'Necesitas_Mejorar') | D23: =IF(Criterios!B12="","",Criterios!F12) | E23: =IF(Criterios!B12="","",25) | F23: =IF(Criterios!B12="","",Criterios!A12) | G23: =IF(Criterios!B12="","",12)
A24: =IF(Criterios!B12="","",Criterios!B12) | B24: =IF(Criterios!B12="","",Criterios!D12/100) | C24: =IF(Criterios!B12="","",'Bueno') | D24: =IF(Criterios!B12="","",Criterios!G12) | E24: =IF(Criterios!B12="","",50) | F24: =IF(Criterios!B12="","",Criterios!A12) | G24: =IF(Criterios!B12="","",12)
A25: =IF(Criterios!B12="","",Criterios!B12) | B25: =IF(Criterios!B12="","",Criterios!D12/100) | C25: =IF(Criterios!B12="","",'Satisfactorio') | D25: =IF(Criterios!B12="","",Criterios!H12) | E25: =IF(Criterios!B12="","",75) | F25: =IF(Criterios!B12="","",Criterios!A12) | G25: =IF(Criterios!B12="","",12)
A26: =IF(Criterios!B12="","",Criterios!B12) | B26: =IF(Criterios!B12="","",Criterios!D12/100) | C26: =IF(Criterios!B12="","",'Excelente') | D26: =IF(Criterios!B12="","",Criterios!I12) | E26: =IF(Criterios!B12="","",100) | F26: =IF(Criterios!B12="","",Criterios!A12) | G26: =IF(Criterios!B12="","",12)
A27: =IF(Criterios!B13="","",Criterios!B13) | B27: =IF(Criterios!B13="","",Criterios!D13/100) | C27: =IF(Criterios!B13="","",'Insatisfactorio') | D27: =IF(Criterios!B13="","",Criterios!E13) | E27: =IF(Criterios!B13="","",0) | F27: =IF(Criterios!B13="","",Criterios!A13) | G27: =IF(Criterios!B13="","",13)
A28: =IF(Criterios!B13="","",Criterios!B13) | B28: =IF(Criterios!B13="","",Criterios!D13/100) | C28: =IF(Criterios!B13="","",'Necesitas_Mejorar') | D28: =IF(Criterios!B13="","",Criterios!F13) | E28: =IF(Criterios!B13="","",25) | F28: =IF(Criterios!B13="","",Criterios!A13) | G28: =IF(Criterios!B13="","",13)
A29: =IF(Criterios!B13="","",Criterios!B13) | B29: =IF(Criterios!B13="","",Criterios!D13/100) | C29: =IF(Criterios!B13="","",'Bueno') | D29: =IF(Criterios!B13="","",Criterios!G13) | E29: =IF(Criterios!B13="","",50) | F29: =IF(Criterios!B13="","",Criterios!A13) | G29: =IF(Criterios!B13="","",13)
A30: =IF(Criterios!B13="","",Criterios!B13) | B30: =IF(Criterios!B13="","",Criterios!D13/100) | C30: =IF(Criterios!B13="","",'Satisfactorio') | D30: =IF(Criterios!B13="","",Criterios!H13) | E30: =IF(Criterios!B13="","",75) | F30: =IF(Criterios!B13="","",Criterios!A13) | G30: =IF(Criterios!B13="","",13)
A31: =IF(Criterios!B13="","",Criterios!B13) | B31: =IF(Criterios!B13="","",Criterios!D13/100) | C31: =IF(Criterios!B13="","",'Excelente') | D31: =IF(Criterios!B13="","",Criterios!I13) | E31: =IF(Criterios!B13="","",100) | F31: =IF(Criterios!B13="","",Criterios!A13) | G31: =IF(Criterios!B13="","",13)
A32: =IF(Criterios!B14="","",Criterios!B14) | B32: =IF(Criterios!B14="","",Criterios!D14/100) | C32: =IF(Criterios!B14="","",'Insatisfactorio') | D32: =IF(Criterios!B14="","",Criterios!E14) | E32: =IF(Criterios!B14="","",0) | F32: =IF(Criterios!B14="","",Criterios!A14) | G32: =IF(Criterios!B14="","",14)
A33: =IF(Criterios!B14="","",Criterios!B14) | B33: =IF(Criterios!B14="","",Criterios!D14/100) | C33: =IF(Criterios!B14="","",'Necesitas_Mejorar') | D33: =IF(Criterios!B14="","",Criterios!F14) | E33: =IF(Criterios!B14="","",25) | F33: =IF(Criterios!B14="","",Criterios!A14) | G33: =IF(Criterios!B14="","",14)
A34: =IF(Criterios!B14="","",Criterios!B14) | B34: =IF(Criterios!B14="","",Criterios!D14/100) | C34: =IF(Criterios!B14="","",'Bueno') | D34: =IF(Criterios!B14="","",Criterios!G14) | E34: =IF(Criterios!B14="","",50) | F34: =IF(Criterios!B14="","",Criterios!A14) | G34: =IF(Criterios!B14="","",14)
A35: =IF(Criterios!B14="","",Criterios!B14) | B35: =IF(Criterios!B14="","",Criterios!D14/100) | C35: =IF(Criterios!B14="","",'Satisfactorio') | D35: =IF(Criterios!B14="","",Criterios!H14) | E35: =IF(Criterios!B14="","",75) | F35: =IF(Criterios!B14="","",Criterios!A14) | G35: =IF(Criterios!B14="","",14)
A36: =IF(Criterios!B14="","",Criterios!B14) | B36: =IF(Criterios!B14="","",Criterios!D14/100) | C36: =IF(Criterios!B14="","",'Excelente') | D36: =IF(Criterios!B14="","",Criterios!I14) | E36: =IF(Criterios!B14="","",100) | F36: =IF(Criterios!B14="","",Criterios!A14) | G36: =IF(Criterios!B14="","",14)
A37: =IF(Criterios!B15="","",Criterios!B15) | B37: =IF(Criterios!B15="","",Criterios!D15/100) | C37: =IF(Criterios!B15="","",'Insatisfactorio') | D37: =IF(Criterios!B15="","",Criterios!E15) | E37: =IF(Criterios!B15="","",0) | F37: =IF(Criterios!B15="","",Criterios!A15) | G37: =IF(Criterios!B15="","",15)
A38: =IF(Criterios!B15="","",Criterios!B15) | B38: =IF(Criterios!B15="","",Criterios!D15/100) | C38: =IF(Criterios!B15="","",'Necesitas_Mejorar') | D38: =IF(Criterios!B15="","",Criterios!F15) | E38: =IF(Criterios!B15="","",25) | F38: =IF(Criterios!B15="","",Criterios!A15) | G38: =IF(Criterios!B15="","",15)
A39: =IF(Criterios!B15="","",Criterios!B15) | B39: =IF(Criterios!B15="","",Criterios!D15/100) | C39: =IF(Criterios!B15="","",'Bueno') | D39: =IF(Criterios!B15="","",Criterios!G15) | E39: =IF(Criterios!B15="","",50) | F39: =IF(Criterios!B15="","",Criterios!A15) | G39: =IF(Criterios!B15="","",15)
A40: =IF(Criterios!B15="","",Criterios!B15) | B40: =IF(Criterios!B15="","",Criterios!D15/100) | C40: =IF(Criterios!B15="","",'Satisfactorio') | D40: =IF(Criterios!B15="","",Criterios!H15) | E40: =IF(Criterios!B15="","",75) | F40: =IF(Criterios!B15="","",Criterios!A15) | G40: =IF(Criterios!B15="","",15)
A41: =IF(Criterios!B15="","",Criterios!B15) | B41: =IF(Criterios!B15="","",Criterios!D15/100) | C41: =IF(Criterios!B15="","",'Excelente') | D41: =IF(Criterios!B15="","",Criterios!I15) | E41: =IF(Criterios!B15="","",100) | F41: =IF(Criterios!B15="","",Criterios!A15) | G41: =IF(Criterios!B15="","",15)
A42: =IF(Criterios!B16="","",Criterios!B16) | B42: =IF(Criterios!B16="","",Criterios!D16/100) | C42: =IF(Criterios!B16="","",'Insatisfactorio') | D42: =IF(Criterios!B16="","",Criterios!E16) | E42: =IF(Criterios!B16="","",0) | F42: =IF(Criterios!B16="","",Criterios!A16) | G42: =IF(Criterios!B16="","",16)
A43: =IF(Criterios!B16="","",Criterios!B16) | B43: =IF(Criterios!B16="","",Criterios!D16/100) | C43: =IF(Criterios!B16="","",'Necesitas_Mejorar') | D43: =IF(Criterios!B16="","",Criterios!F16) | E43: =IF(Criterios!B16="","",25) | F43: =IF(Criterios!B16="","",Criterios!A16) | G43: =IF(Criterios!B16="","",16)
A44: =IF(Criterios!B16="","",Criterios!B16) | B44: =IF(Criterios!B16="","",Criterios!D16/100) | C44: =IF(Criterios!B16="","",'Bueno') | D44: =IF(Criterios!B16="","",Criterios!G16) | E44: =IF(Criterios!B16="","",50) | F44: =IF(Criterios!B16="","",Criterios!A16) | G44: =IF(Criterios!B16="","",16)
A45: =IF(Criterios!B16="","",Criterios!B16) | B45: =IF(Criterios!B16="","",Criterios!D16/100) | C45: =IF(Criterios!B16="","",'Satisfactorio') | D45: =IF(Criterios!B16="","",Criterios!H16) | E45: =IF(Criterios!B16="","",75) | F45: =IF(Criterios!B16="","",Criterios!A16) | G45: =IF(Criterios!B16="","",16)
A46: =IF(Criterios!B16="","",Criterios!B16) | B46: =IF(Criterios!B16="","",Criterios!D16/100) | C46: =IF(Criterios!B16="","",'Excelente') | D46: =IF(Criterios!B16="","",Criterios!I16) | E46: =IF(Criterios!B16="","",100) | F46: =IF(Criterios!B16="","",Criterios!A16) | G46: =IF(Criterios!B16="","",16)
A47: =IF(Criterios!B17="","",Criterios!B17) | B47: =IF(Criterios!B17="","",Criterios!D17/100) | C47: =IF(Criterios!B17="","",'Insatisfactorio') | D47: =IF(Criterios!B17="","",Criterios!E17) | E47: =IF(Criterios!B17="","",0) | F47: =IF(Criterios!B17="","",Criterios!A17) | G47: =IF(Criterios!B17="","",17)
A48: =IF(Criterios!B17="","",Criterios!B17) | B48: =IF(Criterios!B17="","",Criterios!D17/100) | C48: =IF(Criterios!B17="","",'Necesitas_Mejorar') | D48: =IF(Criterios!B17="","",Criterios!F17) | E48: =IF(Criterios!B17="","",25) | F48: =IF(Criterios!B17="","",Criterios!A17) | G48: =IF(Criterios!B17="","",17)
A49: =IF(Criterios!B17="","",Criterios!B17) | B49: =IF(Criterios!B17="","",Criterios!D17/100) | C49: =IF(Criterios!B17="","",'Bueno') | D49: =IF(Criterios!B17="","",Criterios!G17) | E49: =IF(Criterios!B17="","",50) | F49: =IF(Criterios!B17="","",Criterios!A17) | G49: =IF(Criterios!B17="","",17)
A50: =IF(Criterios!B17="","",Criterios!B17) | B50: =IF(Criterios!B17="","",Criterios!D17/100) | C50: =IF(Criterios!B17="","",'Satisfactorio') | D50: =IF(Criterios!B17="","",Criterios!H17) | E50: =IF(Criterios!B17="","",75) | F50: =IF(Criterios!B17="","",Criterios!A17) | G50: =IF(Criterios!B17="","",17)
A51: =IF(Criterios!B17="","",Criterios!B17) | B51: =IF(Criterios!B17="","",Criterios!D17/100) | C51: =IF(Criterios!B17="","",'Excelente') | D51: =IF(Criterios!B17="","",Criterios!I17) | E51: =IF(Criterios!B17="","",100) | F51: =IF(Criterios!B17="","",Criterios!A17) | G51: =IF(Criterios!B17="","",17)
A52: =IF(Criterios!B18="","",Criterios!B18) | B52: =IF(Criterios!B18="","",Criterios!D18/100) | C52: =IF(Criterios!B18="","",'Insatisfactorio') | D52: =IF(Criterios!B18="","",Criterios!E18) | E52: =IF(Criterios!B18="","",0) | F52: =IF(Criterios!B18="","",Criterios!A18) | G52: =IF(Criterios!B18="","",18)
A53: =IF(Criterios!B18="","",Criterios!B18) | B53: =IF(Criterios!B18="","",Criterios!D18/100) | C53: =IF(Criterios!B18="","",'Necesitas_Mejorar') | D53: =IF(Criterios!B18="","",Criterios!F18) | E53: =IF(Criterios!B18="","",25) | F53: =IF(Criterios!B18="","",Criterios!A18) | G53: =IF(Criterios!B18="","",18)
A54: =IF(Criterios!B18="","",Criterios!B18) | B54: =IF(Criterios!B18="","",Criterios!D18/100) | C54: =IF(Criterios!B18="","",'Bueno') | D54: =IF(Criterios!B18="","",Criterios!G18) | E54: =IF(Criterios!B18="","",50) | F54: =IF(Criterios!B18="","",Criterios!A18) | G54: =IF(Criterios!B18="","",18)
A55: =IF(Criterios!B18="","",Criterios!B18) | B55: =IF(Criterios!B18="","",Criterios!D18/100) | C55: =IF(Criterios!B18="","",'Satisfactorio') | D55: =IF(Criterios!B18="","",Criterios!H18) | E55: =IF(Criterios!B18="","",75) | F55: =IF(Criterios!B18="","",Criterios!A18) | G55: =IF(Criterios!B18="","",18)
A56: =IF(Criterios!B18="","",Criterios!B18) | B56: =IF(Criterios!B18="","",Criterios!D18/100) | C56: =IF(Criterios!B18="","",'Excelente') | D56: =IF(Criterios!B18="","",Criterios!I18) | E56: =IF(Criterios!B18="","",100) | F56: =IF(Criterios!B18="","",Criterios!A18) | G56: =IF(Criterios!B18="","",18)
A57: =IF(Criterios!B19="","",Criterios!B19) | B57: =IF(Criterios!B19="","",Criterios!D19/100) | C57: =IF(Criterios!B19="","",'Insatisfactorio') | D57: =IF(Criterios!B19="","",Criterios!E19) | E57: =IF(Criterios!B19="","",0) | F57: =IF(Criterios!B19="","",Criterios!A19) | G57: =IF(Criterios!B19="","",19)
A58: =IF(Criterios!B19="","",Criterios!B19) | B58: =IF(Criterios!B19="","",Criterios!D19/100) | C58: =IF(Criterios!B19="","",'Necesitas_Mejorar') | D58: =IF(Criterios!B19="","",Criterios!F19) | E58: =IF(Criterios!B19="","",25) | F58: =IF(Criterios!B19="","",Criterios!A19) | G58: =IF(Criterios!B19="","",19)
A59: =IF(Criterios!B19="","",Criterios!B19) | B59: =IF(Criterios!B19="","",Criterios!D19/100) | C59: =IF(Criterios!B19="","",'Bueno') | D59: =IF(Criterios!B19="","",Criterios!G19) | E59: =IF(Criterios!B19="","",50) | F59: =IF(Criterios!B19="","",Criterios!A19) | G59: =IF(Criterios!B19="","",19)
A60: =IF(Criterios!B19="","",Criterios!B19) | B60: =IF(Criterios!B19="","",Criterios!D19/100) | C60: =IF(Criterios!B19="","",'Satisfactorio') | D60: =IF(Criterios!B19="","",Criterios!H19) | E60: =IF(Criterios!B19="","",75) | F60: =IF(Criterios!B19="","",Criterios!A19) | G60: =IF(Criterios!B19="","",19)
A61: =IF(Criterios!B19="","",Criterios!B19) | B61: =IF(Criterios!B19="","",Criterios!D19/100) | C61: =IF(Criterios!B19="","",'Excelente') | D61: =IF(Criterios!B19="","",Criterios!I19) | E61: =IF(Criterios!B19="","",100) | F61: =IF(Criterios!B19="","",Criterios!A19) | G61: =IF(Criterios!B19="","",19)
A62: =IF(Criterios!B20="","",Criterios!B20) | B62: =IF(Criterios!B20="","",Criterios!D20/100) | C62: =IF(Criterios!B20="","",'Insatisfactorio') | D62: =IF(Criterios!B20="","",Criterios!E20) | E62: =IF(Criterios!B20="","",0) | F62: =IF(Criterios!B20="","",Criterios!A20) | G62: =IF(Criterios!B20="","",20)
A63: =IF(Criterios!B20="","",Criterios!B20) | B63: =IF(Criterios!B20="","",Criterios!D20/100) | C63: =IF(Criterios!B20="","",'Necesitas_Mejorar') | D63: =IF(Criterios!B20="","",Criterios!F20) | E63: =IF(Criterios!B20="","",25) | F63: =IF(Criterios!B20="","",Criterios!A20) | G63: =IF(Criterios!B20="","",20)
A64: =IF(Criterios!B20="","",Criterios!B20) | B64: =IF(Criterios!B20="","",Criterios!D20/100) | C64: =IF(Criterios!B20="","",'Bueno') | D64: =IF(Criterios!B20="","",Criterios!G20) | E64: =IF(Criterios!B20="","",50) | F64: =IF(Criterios!B20="","",Criterios!A20) | G64: =IF(Criterios!B20="","",20)
A65: =IF(Criterios!B20="","",Criterios!B20) | B65: =IF(Criterios!B20="","",Criterios!D20/100) | C65: =IF(Criterios!B20="","",'Satisfactorio') | D65: =IF(Criterios!B20="","",Criterios!H20) | E65: =IF(Criterios!B20="","",75) | F65: =IF(Criterios!B20="","",Criterios!A20) | G65: =IF(Criterios!B20="","",20)
A66: =IF(Criterios!B20="","",Criterios!B20) | B66: =IF(Criterios!B20="","",Criterios!D20/100) | C66: =IF(Criterios!B20="","",'Excelente') | D66: =IF(Criterios!B20="","",Criterios!I20) | E66: =IF(Criterios!B20="","",100) | F66: =IF(Criterios!B20="","",Criterios!A20) | G66: =IF(Criterios!B20="","",20)
A67: =IF(Criterios!B21="","",Criterios!B21) | B67: =IF(Criterios!B21="","",Criterios!D21/100) | C67: =IF(Criterios!B21="","",'Insatisfactorio') | D67: =IF(Criterios!B21="","",Criterios!E21) | E67: =IF(Criterios!B21="","",0) | F67: =IF(Criterios!B21="","",Criterios!A21) | G67: =IF(Criterios!B21="","",21)
A68: =IF(Criterios!B21="","",Criterios!B21) | B68: =IF(Criterios!B21="","",Criterios!D21/100) | C68: =IF(Criterios!B21="","",'Necesitas_Mejorar') | D68: =IF(Criterios!B21="","",Criterios!F21) | E68: =IF(Criterios!B21="","",25) | F68: =IF(Criterios!B21="","",Criterios!A21) | G68: =IF(Criterios!B21="","",21)
A69: =IF(Criterios!B21="","",Criterios!B21) | B69: =IF(Criterios!B21="","",Criterios!D21/100) | C69: =IF(Criterios!B21="","",'Bueno') | D69: =IF(Criterios!B21="","",Criterios!G21) | E69: =IF(Criterios!B21="","",50) | F69: =IF(Criterios!B21="","",Criterios!A21) | G69: =IF(Criterios!B21="","",21)
A70: =IF(Criterios!B21="","",Criterios!B21) | B70: =IF(Criterios!B21="","",Criterios!D21/100) | C70: =IF(Criterios!B21="","",'Satisfactorio') | D70: =IF(Criterios!B21="","",Criterios!H21) | E70: =IF(Criterios!B21="","",75) | F70: =IF(Criterios!B21="","",Criterios!A21) | G70: =IF(Criterios!B21="","",21)
A71: =IF(Criterios!B21="","",Criterios!B21) | B71: =IF(Criterios!B21="","",Criterios!D21/100) | C71: =IF(Criterios!B21="","",'Excelente') | D71: =IF(Criterios!B21="","",Criterios!I21) | E71: =IF(Criterios!B21="","",100) | F71: =IF(Criterios!B21="","",Criterios!A21) | G71: =IF(Criterios!B21="","",21)
A72: =IF(Criterios!B22="","",Criterios!B22) | B72: =IF(Criterios!B22="","",Criterios!D22/100) | C72: =IF(Criterios!B22="","",'Insatisfactorio') | D72: =IF(Criterios!B22="","",Criterios!E22) | E72: =IF(Criterios!B22="","",0) | F72: =IF(Criterios!B22="","",Criterios!A22) | G72: =IF(Criterios!B22="","",22)
A73: =IF(Criterios!B22="","",Criterios!B22) | B73: =IF(Criterios!B22="","",Criterios!D22/100) | C73: =IF(Criterios!B22="","",'Necesitas_Mejorar') | D73: =IF(Criterios!B22="","",Criterios!F22) | E73: =IF(Criterios!B22="","",25) | F73: =IF(Criterios!B22="","",Criterios!A22) | G73: =IF(Criterios!B22="","",22)
A74: =IF(Criterios!B22="","",Criterios!B22) | B74: =IF(Criterios!B22="","",Criterios!D22/100) | C74: =IF(Criterios!B22="","",'Bueno') | D74: =IF(Criterios!B22="","",Criterios!G22) | E74: =IF(Criterios!B22="","",50) | F74: =IF(Criterios!B22="","",Criterios!A22) | G74: =IF(Criterios!B22="","",22)
A75: =IF(Criterios!B22="","",Criterios!B22) | B75: =IF(Criterios!B22="","",Criterios!D22/100) | C75: =IF(Criterios!B22="","",'Satisfactorio') | D75: =IF(Criterios!B22="","",Criterios!H22) | E75: =IF(Criterios!B22="","",75) | F75: =IF(Criterios!B22="","",Criterios!A22) | G75: =IF(Criterios!B22="","",22)
A76: =IF(Criterios!B22="","",Criterios!B22) | B76: =IF(Criterios!B22="","",Criterios!D22/100) | C76: =IF(Criterios!B22="","",'Excelente') | D76: =IF(Criterios!B22="","",Criterios!I22) | E76: =IF(Criterios!B22="","",100) | F76: =IF(Criterios!B22="","",Criterios!A22) | G76: =IF(Criterios!B22="","",22)
A77: =IF(Criterios!B23="","",Criterios!B23) | B77: =IF(Criterios!B23="","",Criterios!D23/100) | C77: =IF(Criterios!B23="","",'Insatisfactorio') | D77: =IF(Criterios!B23="","",Criterios!E23) | E77: =IF(Criterios!B23="","",0) | F77: =IF(Criterios!B23="","",Criterios!A23) | G77: =IF(Criterios!B23="","",23)
A78: =IF(Criterios!B23="","",Criterios!B23) | B78: =IF(Criterios!B23="","",Criterios!D23/100) | C78: =IF(Criterios!B23="","",'Necesitas_Mejorar') | D78: =IF(Criterios!B23="","",Criterios!F23) | E78: =IF(Criterios!B23="","",25) | F78: =IF(Criterios!B23="","",Criterios!A23) | G78: =IF(Criterios!B23="","",23)
A79: =IF(Criterios!B23="","",Criterios!B23) | B79: =IF(Criterios!B23="","",Criterios!D23/100) | C79: =IF(Criterios!B23="","",'Bueno') | D79: =IF(Criterios!B23="","",Criterios!G23) | E79: =IF(Criterios!B23="","",50) | F79: =IF(Criterios!B23="","",Criterios!A23) | G79: =IF(Criterios!B23="","",23)
A80: =IF(Criterios!B23="","",Criterios!B23) | B80: =IF(Criterios!B23="","",Criterios!D23/100) | C80: =IF(Criterios!B23="","",'Satisfactorio') | D80: =IF(Criterios!B23="","",Criterios!H23) | E80: =IF(Criterios!B23="","",75) | F80: =IF(Criterios!B23="","",Criterios!A23) | G80: =IF(Criterios!B23="","",23)
A81: =IF(Criterios!B23="","",Criterios!B23) | B81: =IF(Criterios!B23="","",Criterios!D23/100) | C81: =IF(Criterios!B23="","",'Excelente') | D81: =IF(Criterios!B23="","",Criterios!I23) | E81: =IF(Criterios!B23="","",100) | F81: =IF(Criterios!B23="","",Criterios!A23) | G81: =IF(Criterios!B23="","",23)
A82: =IF(Criterios!B24="","",Criterios!B24) | B82: =IF(Criterios!B24="","",Criterios!D24/100) | C82: =IF(Criterios!B24="","",'Insatisfactorio') | D82: =IF(Criterios!B24="","",Criterios!E24) | E82: =IF(Criterios!B24="","",0) | F82: =IF(Criterios!B24="","",Criterios!A24) | G82: =IF(Criterios!B24="","",24)
A83: =IF(Criterios!B24="","",Criterios!B24) | B83: =IF(Criterios!B24="","",Criterios!D24/100) | C83: =IF(Criterios!B24="","",'Necesitas_Mejorar') | D83: =IF(Criterios!B24="","",Criterios!F24) | E83: =IF(Criterios!B24="","",25) | F83: =IF(Criterios!B24="","",Criterios!A24) | G83: =IF(Criterios!B24="","",24)
A84: =IF(Criterios!B24="","",Criterios!B24) | B84: =IF(Criterios!B24="","",Criterios!D24/100) | C84: =IF(Criterios!B24="","",'Bueno') | D84: =IF(Criterios!B24="","",Criterios!G24) | E84: =IF(Criterios!B24="","",50) | F84: =IF(Criterios!B24="","",Criterios!A24) | G84: =IF(Criterios!B24="","",24)
A85: =IF(Criterios!B24="","",Criterios!B24) | B85: =IF(Criterios!B24="","",Criterios!D24/100) | C85: =IF(Criterios!B24="","",'Satisfactorio') | D85: =IF(Criterios!B24="","",Criterios!H24) | E85: =IF(Criterios!B24="","",75) | F85: =IF(Criterios!B24="","",Criterios!A24) | G85: =IF(Criterios!B24="","",24)
A86: =IF(Criterios!B24="","",Criterios!B24) | B86: =IF(Criterios!B24="","",Criterios!D24/100) | C86: =IF(Criterios!B24="","",'Excelente') | D86: =IF(Criterios!B24="","",Criterios!I24) | E86: =IF(Criterios!B24="","",100) | F86: =IF(Criterios!B24="","",Criterios!A24) | G86: =IF(Criterios!B24="","",24)
A87: =IF(Criterios!B25="","",Criterios!B25) | B87: =IF(Criterios!B25="","",Criterios!D25/100) | C87: =IF(Criterios!B25="","",'Insatisfactorio') | D87: =IF(Criterios!B25="","",Criterios!E25) | E87: =IF(Criterios!B25="","",0) | F87: =IF(Criterios!B25="","",Criterios!A25) | G87: =IF(Criterios!B25="","",25)
A88: =IF(Criterios!B25="","",Criterios!B25) | B88: =IF(Criterios!B25="","",Criterios!D25/100) | C88: =IF(Criterios!B25="","",'Necesitas_Mejorar') | D88: =IF(Criterios!B25="","",Criterios!F25) | E88: =IF(Criterios!B25="","",25) | F88: =IF(Criterios!B25="","",Criterios!A25) | G88: =IF(Criterios!B25="","",25)
A89: =IF(Criterios!B25="","",Criterios!B25) | B89: =IF(Criterios!B25="","",Criterios!D25/100) | C89: =IF(Criterios!B25="","",'Bueno') | D89: =IF(Criterios!B25="","",Criterios!G25) | E89: =IF(Criterios!B25="","",50) | F89: =IF(Criterios!B25="","",Criterios!A25) | G89: =IF(Criterios!B25="","",25)
A90: =IF(Criterios!B25="","",Criterios!B25) | B90: =IF(Criterios!B25="","",Criterios!D25/100) | C90: =IF(Criterios!B25="","",'Satisfactorio') | D90: =IF(Criterios!B25="","",Criterios!H25) | E90: =IF(Criterios!B25="","",75) | F90: =IF(Criterios!B25="","",Criterios!A25) | G90: =IF(Criterios!B25="","",25)
A91: =IF(Criterios!B25="","",Criterios!B25) | B91: =IF(Criterios!B25="","",Criterios!D25/100) | C91: =IF(Criterios!B25="","",'Excelente') | D91: =IF(Criterios!B25="","",Criterios!I25) | E91: =IF(Criterios!B25="","",100) | F91: =IF(Criterios!B25="","",Criterios!A25) | G91: =IF(Criterios!B25="","",25)
A92: =IF(Criterios!B26="","",Criterios!B26) | B92: =IF(Criterios!B26="","",Criterios!D26/100) | C92: =IF(Criterios!B26="","",'Insatisfactorio') | D92: =IF(Criterios!B26="","",Criterios!E26) | E92: =IF(Criterios!B26="","",0) | F92: =IF(Criterios!B26="","",Criterios!A26) | G92: =IF(Criterios!B26="","",26)
A93: =IF(Criterios!B26="","",Criterios!B26) | B93: =IF(Criterios!B26="","",Criterios!D26/100) | C93: =IF(Criterios!B26="","",'Necesitas_Mejorar') | D93: =IF(Criterios!B26="","",Criterios!F26) | E93: =IF(Criterios!B26="","",25) | F93: =IF(Criterios!B26="","",Criterios!A26) | G93: =IF(Criterios!B26="","",26)
A94: =IF(Criterios!B26="","",Criterios!B26) | B94: =IF(Criterios!B26="","",Criterios!D26/100) | C94: =IF(Criterios!B26="","",'Bueno') | D94: =IF(Criterios!B26="","",Criterios!G26) | E94: =IF(Criterios!B26="","",50) | F94: =IF(Criterios!B26="","",Criterios!A26) | G94: =IF(Criterios!B26="","",26)
A95: =IF(Criterios!B26="","",Criterios!B26) | B95: =IF(Criterios!B26="","",Criterios!D26/100) | C95: =IF(Criterios!B26="","",'Satisfactorio') | D95: =IF(Criterios!B26="","",Criterios!H26) | E95: =IF(Criterios!B26="","",75) | F95: =IF(Criterios!B26="","",Criterios!A26) | G95: =IF(Criterios!B26="","",26)
A96: =IF(Criterios!B26="","",Criterios!B26) | B96: =IF(Criterios!B26="","",Criterios!D26/100) | C96: =IF(Criterios!B26="","",'Excelente') | D96: =IF(Criterios!B26="","",Criterios!I26) | E96: =IF(Criterios!B26="","",100) | F96: =IF(Criterios!B26="","",Criterios!A26) | G96: =IF(Criterios!B26="","",26)
A97: =IF(Criterios!B27="","",Criterios!B27) | B97: =IF(Criterios!B27="","",Criterios!D27/100) | C97: =IF(Criterios!B27="","",'Insatisfactorio') | D97: =IF(Criterios!B27="","",Criterios!E27) | E97: =IF(Criterios!B27="","",0) | F97: =IF(Criterios!B27="","",Criterios!A27) | G97: =IF(Criterios!B27="","",27)
A98: =IF(Criterios!B27="","",Criterios!B27) | B98: =IF(Criterios!B27="","",Criterios!D27/100) | C98: =IF(Criterios!B27="","",'Necesitas_Mejorar') | D98: =IF(Criterios!B27="","",Criterios!F27) | E98: =IF(Criterios!B27="","",25) | F98: =IF(Criterios!B27="","",Criterios!A27) | G98: =IF(Criterios!B27="","",27)
A99: =IF(Criterios!B27="","",Criterios!B27) | B99: =IF(Criterios!B27="","",Criterios!D27/100) | C99: =IF(Criterios!B27="","",'Bueno') | D99: =IF(Criterios!B27="","",Criterios!G27) | E99: =IF(Criterios!B27="","",50) | F99: =IF(Criterios!B27="","",Criterios!A27) | G99: =IF(Criterios!B27="","",27)
A100: =IF(Criterios!B27="","",Criterios!B27) | B100: =IF(Criterios!B27="","",Criterios!D27/100) | C100: =IF(Criterios!B27="","",'Satisfactorio') | D100: =IF(Criterios!B27="","",Criterios!H27) | E100: =IF(Criterios!B27="","",75) | F100: =IF(Criterios!B27="","",Criterios!A27) | G100: =IF(Criterios!B27="","",27)
...
